ID,Name
1,NAE 20:0;O4
27,LPI 20:0
43,PC 30:4;O2
62,ST 24:1;O7;G
69,LPG 18:0
75,LPG 18:1
82,PA O-26:4
96,PG 20:0
133,ST 24:0;O6;HexNAc
176,SM 31:6;O6
189,PI-Cer 29:3;O3
195,PI-Cer 32:6;O2
196,PI 26:0;O
207,PI-Cer 31:3;O4
221,PI 30:2;O
226,PI O-33:3
251,MIPC 31:2;O2
267,LPA 17:1
269,ST 24:4;O4;G
273,NAT 19:0;O3
275,PK 16:15;O6;N2;S4
277,ST 20:1;O;GlcA
280,ST 20:1;O2;Hex
283,ST 27:4;O3;F3
285,ST 22:0;O4;T
291,LPS O-16:0
295,LPG 15:0
301,LPA 20:2;O
304,ST 22:1;O2;GlcA
310,ST 24:0;O5;T
318,LPS 19:0
321,PA O-26:5
327,ST 26:0;O6;T
337,PE-Cer 28:6;O3
339,PG 21:1
342,PA 28:4
352,CerP 29:4;O5
366,PA 30:4;O
375,CerP 31:4;O6
382,SM 29:6;O5
406,PI O-26:3
432,PI-Cer 33:4;O5
440,MIPC 31:3;O2
444,MIPC 33:3;O3
450,FA 18:0;O5
453,ST 22:3;O5
454,ST 22:2;O5
459,NAT 17:0
463,ST 24:3;O6
466,ST 24:2;O6
490,PC O-25:6
492,CerP 31:5;O6
494,PC 27:5
504,PI-Cer 29:4;O3
508,SHexCer 32:3;O4
602,PI 33:1;O
613,Car 24:5;O
705,ST 24:4;O
761,Car 16:1
764,Car 20:4
766,LPE 22:6
790,SCer 32:1;O2
804,ST 29:3;O3
808,LPE 20:4
818,Hex2Cer 31:0;O4
842,Car 22:5;O3
843,ST 30:2;O2;S
859,Hex2Cer 29:0;O3
886,LPS 19:1
892,PG 22:6;O
895,HexCer 31:1;O6
896,SM 33:3;O3
911,Car 18:0
920,ST 29:5;O7;T
928,SM 33:6;O2
935,Car 20:1;O3
941,Car 24:6;O3
964,Car 18:1;O2
970,ST 27:3;O7;T
971,ST 29:1;O5;T
973,HexCer 28:6;O2
975,ST 28:2;O2;GlcA
998,Car 19:1;O2
1004,ST 26:7;O4;GlcA
1010,SM 32:4;O4
1030,ST 27:3;O2
1047,SM 30:4;O3
1072,ST 21:2;O4
1081,ST 30:2;O3;GlcA
1083,SM 33:3;O5
1112,SPB 20:0;O
1119,Cer 32:0;O
1122,Car 20:3;O3
1123,ST 28:0;O2;S
1127,CerP 29:0;O3
1129,CerP 30:0;O3
1155,NAE 20:2
1158,LPA 18:1
1167,SM 31:5;O2
1173,PC O-32:8
1229,Car 22:4;O3
1232,Car 22:2;O3
1233,ST 27:2;O;Hex
1246,PE-Cer 30:0;O3
1254,LPC O-28:6
1292,NAE 20:0;O4
1298,Car 19:2;O3
1299,ST 30:4;O5
1354,PR 20:1;O2
1362,LPA 20:2
1379,SM 32:3;O4
1413,ST 28:3;O
1425,PC O-18:1
1429,Car 24:5;O3
1478,ST 29:3;O3;F2
1488,Car 20:0;O4
1518,FAL 16:0
1526,NAE 20:3;O2
1547,ST 30:0;O5;T
1556,SM 32:4;O5
1563,SM 32:1;O6
1581,LPC O-18:2
1619,SM 28:4;O3
1647,PE 26:1
1648,PK 17:15;O17;S3
1669,ST 29:0;O4;S
1672,ST 30:1;O4;T
1704,SM 30:4;O2
1728,Car 20:1
1730,ST 28:3;O2;Hex
1746,HC 16:2;O
1752,Car 22:3;O3
1764,CerP 32:0;O3
1767,LPG 33:4
1779,LPI 32:3
1783,PIP 31:6
1784,PIP 30:7
1793,SPB 18:0;O2
1797,ST 26:3;O;Hex
1806,PC 27:0
1807,LPI 26:0;O
1831,PC O-20:1
1840,LPG O-31:5
1842,SM 32:2;O2
1874,LPA 20:1
1890,ST 30:0;O5;Hex
1909,ST 28:4;O3
1913,ST 30:3;O5
1917,LPS O-24:0;O
1922,PE-Cer 28:0;O5
1925,PE O-28:1
1931,LPC O-33:2
1938,Hex2Cer 32:0;O4
1958,CerP 28:1;O4
1961,LPC O-23:2
1973,Hex2Cer 30:0;O3
1987,FOH 16:0
2008,Car 32:1;O
2012,HexCer 32:1;O6
2077,LPS O-29:2;O
2096,SPB 18:0;O
2144,PI 40:3;O
2169,ST 22:0;O4;G
2178,Car 33:6;O4
2208,HexCer 32:5;O2
2210,SM 33:2;O2
2221,ST 28:2;O;HexNAc
2233,FA 20:0;O2
2240,ST 30:1;O4
2247,ST 27:1;O;Hex
2251,PE 29:2
2257,ST 25:4;O2
2261,ST 27:3;O8;P
2284,DG 30:0;O2
2339,Car 32:7
2362,PI-Cer 43:2;O2
2394,ST 29:2;O2
2486,ST 26:0;O3;G
2487,Car 20:0
2489,ST 28:0;O3;G
2499,HexCer 32:5;O3
2532,PI O-45:6
2546,LPI O-32:0
2561,DG O-24:1
2594,PI-Cer 44:5;O4
2607,ST 30:4;O;HexNAc
2608,SM 28:1;O2
2610,PI-Cer 31:2;O3
2618,PI O-40:3
2633,PI-Cer 36:0;O4
2650,DG 33:8
2652,PE-Cer 33:2;O2
2678,PI-Cer 32:0;O2
2703,SM 31:0;O6
2712,Car 32:3;O4
2719,ST 26:2;O3;G
2729,HexCer 33:5;O2
2749,Car 30:6;O2
2764,PI-Cer 33:4;O5
2769,PI-Cer 36:0;O2
2777,SM 32:1;O3
2831,ST 26:2;O4
2842,DG O-30:8
2852,CerP 32:1;O2
2860,PC 33:5
2873,PI-Cer 45:2;O2
2929,PC O-22:0
2955,LPC 24:1
3022,ST 30:1;O6;G
3037,PA O-33:0
3065,Car 32:2;O2
3104,PC O-31:6
3112,Car 17:0
3127,WE 22:0;O4
3140,HexCer 32:5;O3
3155,SM 32:6;O2
3163,Car 31:1;O2
3177,LPI O-32:2
3180,PI-Cer 44:2;O5
3194,MG 23:1
3216,FA 30:1;O2
3237,SM 32:1;O3
3294,LPI O-32:2
3349,LPI O-32:0
3352,PI 38:5
3383,FA 24:2;O
3385,HexCer 33:4;O2
3396,ST 28:2;O
3399,ST 29:2;O2
3402,Cer 29:1;O2
3420,NAT 33:0;O
3443,ST 27:1;O;Hex
3446,LPA O-30:2
3447,Car 25:0;O4
3449,Car 32:4;O
3467,LPI O-30:0
3478,PC 32:0
3485,PI-Cer 35:0;O2
3502,PI-Cer 34:0;O4
3508,PI-Cer 41:4;O2
3598,LPI O-32:1
3606,PI-Cer 36:1;O4
3614,Cer 29:0;O2
3622,PC 33:3
3625,ST 29:3;O3
3647,LPI O-33:2
3665,Hex2Cer 29:3;O4
3677,LPG O-32:0;O
3688,LPI O-33:1
3696,PI-Cer 39:2;O2
3806,PI-Cer 32:0;O4
3811,PI-Cer 37:1;O2
3830,Hex2Cer 33:6;O4
3890,PA 40:7
3907,MIPC 40:1;O2
3915,PA O-36:0
3942,Hex2Cer 34:5;O5
3958,PC 33:5
3961,LPI O-31:0
3970,PG 39:8
3971,PI-Cer 36:0;O2
3974,PA 44:4;O
3989,LPI O-32:0
4001,SM 43:3;O4
4005,SHexCer 36:1;O6
4006,SM 45:4;O4
4022,PC 31:1
4044,CerP 30:2;O5
4045,PC O-28:0
4053,LPI O-34:0
4055,PI-Cer 37:0;O2
4080,SHexCer 42:2;O2
4102,CerP 34:2;O6
4103,SM 35:2;O2
4113,Hex2Cer 34:2;O2
4114,SM 42:5;O4
4115,PG 40:3;O
4148,Car 32:6;O2
4167,PI 34:1
4188,HexCer 41:4;O5
4192,SHexCer 41:3;O4
4194,PG 44:8;O
4201,Cer 43:5;O3
4204,PG 30:1
4215,PI 38:4
4225,PG 30:0
4241,PI-Cer 40:1;O2
4246,MIPC 45:1;O3
4250,SM 31:0;O5
4252,PC 33:4
4262,SM 42:4;O4
4263,PG O-43:7
4283,Hex2Cer 35:6;O5
4298,ST 28:1;O2
4307,Hex2Cer 31:2;O2
4311,PI O-39:11
4312,SM 44:3;O4
4323,HexCer 38:6;O2
4337,SM 40:6;O4
4343,SM 45:3;O4
4357,LPS O-30:0;O
4359,PA O-39:7
4372,PK 30:10;O18
4403,MIPC 43:1;O2
4411,PR 25:2;O
4422,PE O-29:0
4441,HexCer 43:2;O4
4451,HexCer 31:2;O5
4456,PA 42:4
4460,LPI O-34:0
4462,SM 40:4;O4
4467,PG 43:6;O
4468,SHexCer 39:1;O4
4491,MIPC 30:6;O4
4522,PG O-45:8
4559,SHexCer 41:2;O2
4561,PG O-44:8
4569,PG O-28:1
4581,SHexCer 35:0;O4
4585,Cer 34:2;O2
4590,PC O-26:0;O
4602,PI-Cer 34:1;O4
4603,HexCer 40:5;O4
4614,PI 42:2;O
4623,PK 30:13;O17
4628,HexCer 35:3;O3
4634,PG O-35:0
4639,SM 44:4;O6
4653,SM 37:0;O3
4659,SM 40:6;O6
4663,PI-Cer 45:5;O3
4679,FA 20:0;O3
4684,PC O-31:3
4702,PIP3 33:8
4734,PA O-37:0
4744,PIP3 34:6;O
4807,SM 34:0;O4
4819,SM 44:4;O4
4831,HexCer 37:5;O2
4832,CerP 43:5;O2
4867,PG 45:7;O
4868,SHexCer 41:2;O4
4879,LPC 24:0
4895,SHexCer 44:4;O2
4896,PI 40:2
4917,SM 38:2;O4
4922,SM 44:2;O4
4946,SHexCer 39:0;O2
4949,SM 45:2;O4
4975,PA O-39:1
4981,PI-Cer 43:5;O2
5005,PG O-43:6
5006,Hex2Cer 35:1;O3
5037,HexCer 36:1;O6
5047,SM 42:5;O6
5056,ST 27:1;O;Hex
5057,DG 32:3
5062,SM 34:1;O2
5066,PC 32:1
5068,HexCer 37:5;O2
5071,PC O-32:0
5106,Car 34:6;O
5107,PC 29:1
5129,PC 32:6;O
5131,PA 42:6
5138,PA 44:7
5172,PS O-39:1
5181,HexCer 39:6;O2
5183,CerP 45:6;O2
5219,SM 42:2;O4
5222,PG O-43:1
5239,Cer 33:1;O2
5248,HexCer 34:2;O2
5250,LPC O-32:3
5253,SM 34:1;O2
5255,SM 38:3;O2
5261,SM 38:1;O2
5287,PC 36:4
5315,HexCer 41:6;O3
5329,PI 40:4
5354,PG O-38:2
5434,PI-Cer 34:0;O4
5458,PC 38:5
5473,PC O-30:1
5478,HexCer 36:6;O2
5487,HexCer 40:6;O4
5489,PA 44:6
5494,SHexCer 42:0;O2
5518,HexCer 36:4;O2
5532,SM 44:4;O3
5533,SM 45:4;O3
5550,Car 32:4;O
5564,PIP3 40:11;O
5597,HexCer 41:6;O3
5603,SM 44:3;O4
5604,PG O-44:2
5607,PG O-45:2
5620,PC O-32:2
5647,PA O-38:0
5652,SHexCer 36:2;O3
5653,PC 39:2;O
5700,HexCer 38:5;O2
5705,SM 38:4;O5
5707,PC O-38:6
5714,HexCer 43:4;O5
5731,HexCer 42:4;O5
5734,SM 44:1;O4
5776,PC O-32:2
5788,HexCer 41:3;O5
5817,Hex2Cer 33:4;O4
5865,FA 27:2
5874,HexCer 41:6;O2
5881,SM 42:0;O3
5883,SM 43:0;O3
5903,SM 40:2;O2
5924,HexCer 39:5;O2
5938,PC 34:4
5952,SM 44:1;O3
5980,PC 43:5;O
5982,SM 45:1;O3
6008,SM 40:3;O4
6010,PG 40:3;O
6016,Hex2Cer 36:1;O2
6043,HexCer 40:6;O2
6058,HexCer 44:6;O5
6075,PC 34:2
6086,HexCer 43:4;O5
6098,PC O-36:4
6104,HexCer 41:3;O5
6138,PC 32:0
6141,PE O-40:5
6172,Cer 43:2;O
6177,CerP 34:2;O5
6185,SM 34:1;O5
6188,CerP 40:2;O5
6193,PG 44:7;O
6194,PI-Cer 45:1;O2
6219,Cer 31:4;O2
6222,Cer 37:2;O
6224,Cer 42:2;O
6226,Cer 44:2;O
6228,LPG 29:0;O
6231,PE O-34:3
6265,Cer 34:1;O2
6268,DG O-33:0
6273,SM 30:2;O5
6310,PC 28:4;O
6313,PC O-34:4
6316,PA 44:5
6331,PC O-40:5
6385,PC O-42:7
6389,HexCer 43:4;O5
6396,DG 32:2
6412,PC 42:6
6428,SM 35:0;O2
6432,PC O-36:4
6437,HexCer 41:3;O4
6441,PC 39:1
6481,PG O-37:0
6483,SM 41:5;O2
6484,Hex2Cer 29:1;O4
6502,HexCer 37:3;O3
6511,SM 41:0;O4
6540,Hex2Cer 31:2;O4
6541,HexCer 42:3;O5
6568,PC O-31:1
6570,HexCer 38:6;O2
6574,PC O-38:5
6579,SM 43:6;O2
6599,NAE 33:0;O3
6608,HexCer 42:4;O5
6626,PA O-39:0
6637,SM 44:1;O4
6639,SM 45:1;O4
6689,PI-Cer 38:5;O3
6707,SM 41:1;O2
6743,LPC O-29:0;O
6744,PC O-31:0
6750,SM 40:1;O2
6758,PI-Cer 36:0;O4
6818,HexCer 41:6;O2
6820,HexCer 41:2;O4
6828,SM 45:2;O4
6830,CoA 22:4;O4
6874,PA O-41:1
6898,PG 39:1
6904,PC O-34:5
6909,PA O-43:2
6929,PC O-35:3
6954,PK 29:9;O18
6957,HexCer 36:5;O2
6959,HexCer 36:2;O3
6961,LPC O-32:1
6974,HexCer 41:2;O5
7007,PC 41:6
7018,HexCer 41:6;O2
7020,PC dO-37:0
7031,PG O-44:1
7045,PG O-45:1
7051,SM 38:0;O2
7056,PA O-45:3
7060,PI-Cer 40:6;O3
7075,HexCer 38:3;O3
7077,PC 34:1
7085,HexCer 40:2;O5
7098,MG O-32:1
7112,PG 39:6
7152,Hex2Cer 33:3;O4
7154,Hex2Cer 34:3;O5
7193,PA O-40:0
7201,PC 39:4
7231,PC O-32:3
7243,HexCer 43:3;O4
7263,SHexCer 42:0;O2
7264,PI-Cer 41:1;O2
7282,PC 43:4;O
7317,SM 42:2;O3
7320,HexCer 43:4;O4
7373,SM 38:0;O4
7379,PI O-39:8
7381,SM 44:0;O4
7384,SM 45:0;O4
7419,PC O-40:6
7440,PC O-34:2
7453,Hex2Cer 35:4;O4
7454,Hex2Cer 36:4;O5
7483,HexCer 40:5;O2
7495,Hex2Cer 32:2;O4
7541,HexCer 43:6;O3
7545,Hex2Cer 35:4;O4
7551,HexCer 37:2;O2
7554,PA O-40:0;O
7563,PC O-42:7
7569,PC O-35:0
7586,PA 42:0
7625,HexCer 43:6;O2
7626,SM 40:3;O3
7634,PC 41:2
7661,SM 42:1;O3
7663,SM 44:0;O3
7664,SM 45:0;O3
7711,PC 34:1
7731,HexCer 41:1;O4
7753,HexCer 42:6;O2
7757,Hex2Cer 34:1;O2
7763,PI 62:0
7765,PI 64:1
7790,SM 40:1;O4
7794,HexCer 44:4;O5
7798,PC 43:3;O
7826,Hex2Cer 37:5;O4
7879,Hex2Cer 42:3;O2
7898,Cer 43:2;O4
7918,Cer 42:2;O4
7937,Cer 34:1;O
7943,PC O-31:1
7954,HexCer 41:4;O2
7976,DG 39:1;O2
7978,PC O-33:0
8002,ACer 44:6;O2
8007,DG 41:3
8014,PC O-38:4
8043,HexCer 39:3;O3
8047,Hex2Cer 31:1;O4
8048,PC O-42:4
8060,SM 43:5;O2
8061,PA 44:4
8062,HexCer 40:4;O4
8070,SHexCer 44:6;O3
8078,LPC O-33:0;O
8079,SM 40:2;O2
8084,HexCer 44:6;O3
8086,Hex2Cer 33:2;O4
8103,SM 45:6;O2
8119,PA O-43:1
8124,SM 44:6;O2
8131,PI 57:1;O
8138,DG O-40:6
8143,DG 42:3
8153,PG O-45:0
8156,PA O-41:0
8173,PI-Cer 40:5;O3
8183,FA 22:0;O3
8190,PC O-35:3
8195,SM 43:1;O4
8203,PIP3 42:10
8228,DG 41:6;O
8240,PS O-41:0
8245,PI 57:2;O
8275,HexCer 43:5;O2
8283,SM 40:1;O5
8287,PI 60:2
8299,PA O-45:2
8305,SM 45:2;O3
8312,PIP3 45:11
8335,MG 21:2
8337,ST 25:2;O4;F
8356,PIP3 45:12
8368,SM 43:1;O3
8377,PIP3 43:10
8384,PC 34:1
8386,PE O-42:4
8424,PA O-45:4
8450,HexCer 45:4;O4
8451,HexCer 45:3;O4
8452,Hex(3)-HexNAc-Cer 42:2;O2
8486,SM 35:0;O4
8488,PG O-39:1
8510,PC 34:1
8517,DG O-37:2
8574,MG O-34:1
8592,CerP 44:2;O2
8593,PC O-37:4
8602,PA O-42:0
8628,PA O-45:0;O
8640,Hex(3)-Cer 42:2;O2
8651,PC 35:0
8654,SM 40:0;O3
8668,PG O-39:0;O
8671,PC O-40:5
8679,Hex(3)-Cer 40:1;O2
8685,HexCer 45:6;O3
8689,PK 32:12;O23;S
8703,PA O-44:1
8731,PG O-43:1
8848,SM 42:2;O3
8862,PI-Cer 49:2;O4
8883,PI 44:0
9049,Cer 41:3;O2
9074,DG O-36:3
9309,DG O-40:5
9341,PC 34:1
9409,PC 36:2
9410,HexCer 43:5;O2
9512,SM 44:1;O3
9724,PG O-43:0
9739,SHexCer 43:2;O2
9757,SM 43:5;O4
9790,PG O-41:1
9814,NAT 32:1;O4
9815,PE dO-34:0
9835,HexCer 42:0;O3
9915,PG O-41:0;O
9949,Hex2Cer 50:2;O2
9976,PA O-44:0
9987,SM 44:0;O3
10013,SHexCer 42:1;O2
10085,Hex2Cer 41:5;O3
10115,SM 50:4;O4
10144,DG O-40:4
10150,Hex2Cer 51:2;O2
10165,PG 38:2;O
10181,DG 42:1
10190,DG O-40:4
10196,Cer 44:1;O4
10230,TG 47:1;O
10257,DG 40:3
10292,Cer 51:4;O
10294,Cer 52:4;O
10314,Cer 49:3;O
10319,PG 36:2
10322,SHexCer 37:0;O2
10323,TG 52:6
10348,DG 38:1
10359,PG 36:1
10363,PA O-47:1
10364,PC 40:1
10365,PC 42:2
10368,PC O-44:3
10378,PK 40:8;O26
10394,PC 44:4
10396,SHexCer 43:1;O2
10397,PC 44:2
10399,PI O-57:6
10405,TG O-96:13
10415,MG 21:1
10421,PK 35:12;O23
10460,TG O-56:14
10464,HexCer 49:3;O4
10467,PC 61:11;O
10468,TG 77:9;O
10474,M(IP)2C 35:6;O4
10475,TG 76:11;O3
10481,CoA 34:7;O2
10489,TG 50:8;O2
10503,PC O-34:2
10517,PA O-47:3
10518,PC O-45:5
10526,PIP3 47:9
10542,Cer 45:1;O3
10548,HexCer 38:6;O3
10552,PI-Cer 53:0;O6
10571,PC O-41:1
10576,PC 59:11
10590,SM 44:2;O2
10594,PC 49:5
10595,TG 56:5;O2
10600,Cer 38:2;O3
10618,HexCer 47:5;O3
10621,PI 50:3;O
10638,Cer 53:4;O
10650,HexCer 36:6;O2
10659,PC O-48:7
10661,SHexCer 54:5;O3
10679,TG 54:8;O
10681,PI-Cer 53:6;O3
10696,PA O-46:0
10752,TG 40:2
10784,PI-Cer 51:6;O2
10790,DG 36:3
10792,PR 45:6;O
10826,Cer 50:3;O
10828,Cer 51:3;O
10835,PI O-46:4
10851,SHexCer 50:4;O2
10852,TG 61:12;O
10868,TG 50:5;O
10887,SM 50:6;O6
10893,Cer 39:1;O4
10920,SM 34:1;O5
10954,DG O-40:3
10956,DG 42:0
10989,PC 40:0
11017,SM 54:3;O4
11024,DG O-42:7
11031,TG 44:4
11034,PA O-47:0
11041,PR 35:0;O4
11059,Cer 52:3;O
11064,TG 52:5;O
11082,DG 42:3
11085,Cer 44:0;O3
11112,PC 49:3
11137,DG 44:4
11140,CerP 40:2;O5
11153,Cer 44:2;O2
11166,PC 44:2
11193,DG 44:7;O
11315,WE 41:1
11322,ACer 49:6;O2
11395,TG 58:4;O
11420,TG O-56:6
11497,DG 42:6
11500,CE 20:3
11532,TG 46:2;O
11542,SM 52:3;O3
11564,Cer 42:0;O
11577,TG O-52:1
11630,Cer 44:1;O2
11632,Cer 45:6;O2
11654,TG 46:4
11667,DG 44:3
11713,TG 55:4;O3
11774,PC O-50:6
11778,Cer 43:0;O
11779,CE 19:4;O
11794,TG 51:1;O3
11812,TG 48:5
11835,TG 58:3;O
11847,Cer 44:0;O2
11852,HexCer 42:1;O2
11868,PA O-51:0;O
11873,TG 57:3;O
11932,Cer 34:0;O
11933,WE 36:2
11968,TG 49:5;O2
12015,DG 45:3
12105,Cer 52:3;O3
12158,TG 58:11
12161,HexCer 54:4;O2
12163,TG 55:3;O3
12171,TG 60:6;O
12204,TG 51:0;O3
12228,TG 54:7
12256,TG 48:4
12287,TG 49:4
12322,CE 18:3;O
12342,TG 53:1;O3
12365,TG 64:10
12378,Cer 52:2;O3
12394,TG O-58:0
12395,TG 60:12
12397,PC 48:2;O
12399,TG 59:1;O3
12412,DG 55:8
12415,TG 57:4;O3
12458,Cer 48:6;O
12474,DG 52:6
12515,Cer 46:6;O3
12520,TG 51:3;O
12522,CerP 53:5;O2
12525,TG 56:3;O
12562,TG 60:7
12567,TG 43:0
12575,DG 54:7
12594,TG 62:8
12610,TG 58:10
12611,TG 53:1;O3
12617,TG 61:2;O3
12631,TG 52:6
12639,TG 55:2;O3
12643,TG 65:11
12644,TG 60:2;O3
12645,TG 66:11
12647,TG 92:2;O2
12657,TG 52:5
12662,TG 55:8;O2
12694,Cer 45:4;O4
12697,DG 56:8
12721,DG 58:9
12724,CerP 52:0;O5
12741,HexCer 45:1;O5
12759,TG 54:6
12788,TG 63:9
12789,TG 58:0;O3
12792,TG 59:0;O3
12806,TG 50:4
12816,TG 56:5;O3
12827,TG 49:0
12838,DG 48:3
12840,DG 50:4
12867,TG 48:2
12876,CE 16:3
12879,DG 52:5
12887,TG 55:7
12893,CE 16:3
12904,DG 58:9
12906,TG 56:7
12910,TG 60:6
12919,DG 54:6
12937,TG 62:7
12953,TG 45:0
12965,SM 47:6;O3
12974,TG 57:2;O3
12981,TG 62:11
12998,HexCer 48:0;O3
13003,PS 45:0
13007,DG 62:7
13008,TG 63:13;O2
13022,PA 50:4
13024,DG 61:7
13032,CE 12:0
13034,TG O-39:0
13040,CE 26:5
13042,DG 51:4
13050,DG 58:8
13057,DG 63:8
13071,CE 14:1
13090,TG 60:10
13099,DG 43:5
13121,DG 62:11
13132,TG 56:7
13138,TG 63:8
13140,TG 64:8
13146,TG 49:2
13151,TG 54:5
13152,HexCer 45:0;O5
13156,HexCer 49:3;O5
13157,TG 57:8;O2
13169,DG 57:7
13177,PE-Cer 37:1;O3
13185,CE 26:6
13186,TG O-45:1
13191,HexCer 47:1;O5
13194,TG 62:10
13208,TG O-41:1
13227,TG 95:11;O2
13235,DG 50:3
13238,TG O-49:4
13240,DG 52:4
13244,DG 52:2
13247,DG 55:3
13251,DG 57:4
13255,DG 58:4
13259,TG 55:5
13261,DG 60:9
13264,TG 59:5
13266,TG 60:5
13267,TG 61:6
13271,TG 62:6
13277,TG 86:8;O
13278,TG 91:8;O2
13307,TG 63:7
13312,TG 93:9;O2
13315,TG 95:8
13325,CE 22:3
13335,DG 58:5
13337,DG 59:5
13340,DG 60:5
13342,SM 53:4;O4
13346,TG 81:12;O
13350,TG 61:11;O2
13366,TG 63:12;O2
13368,TG 64:12;O2
13381,TG 56:3
13382,DG 60:6
13383,PS O-45:0;O
13386,DG 61:6
13391,DG 62:6
13399,TG 65:13;O2
13419,ACer 58:2;O2
13425,DG 58:7
13430,DG 63:7
13441,PA 50:3
13442,HexCer 46:3;O4
13451,TG 84:6;O
13460,TG 38:7;O
13495,CE 22:3
13501,CE 26:4
13505,DG 53:4
13510,TG 54:1
13520,TG 56:2
13537,DG 42:4
13539,DG 43:4
13540,DG 46:11;O2
13544,TG 49:1
13547,DG 55:5
13552,PA 52:4
13569,PE dO-40:0
13573,TG 60:8
13577,TG 85:11;O3
13584,TG 51:2
13588,DG 57:6
13604,TG 53:3
13613,TG 61:5
13619,TG 63:6
13621,TG 80:3;O
13641,CE 20:1
13647,TG 55:4
13650,DG 62:9
13655,DG 67:9
13662,TG 76:0;O
13683,PA 48:1
13687,SM 46:1;O6
13690,DG 64:10
13701,TG 84:5;O
13712,TG 48:0
13713,DG 52:3
13716,DG 52:1
13733,DG 58:3
13734,DG 58:2
13740,PC 47:4
13762,DG 54:4
13771,TG 55:1
13772,DG 59:4
13777,TG 61:10;O2
13778,SM 53:3;O4
13784,TG 93:7;O2
13788,TG 97:6
13803,DG 41:2
13804,CE 20:1
13806,CE 22:1
13818,DG 61:3;O2
13820,TG 64:11;O2
13836,TG 95:8;O2
13839,TG 97:7
13858,TG 63:11;O2
13865,DG 44:9;O2
13870,DG 61:5
13876,TG 65:12;O2
13890,DG 63:6
13905,CE 25:3
13957,TG 52:2
13967,TG 86:5;O
13973,DG 42:3
13984,TG 61:4
13998,CE 15:0
14000,CE 22:4
14032,TG 51:1
14036,DG 57:5
14049,TG 80:6;O3
14051,TG 82:7;O3
14055,Cer 38:0;O6
14060,SM 48:2;O2
14064,SM 47:1;O6
14066,TG 63:5
14073,DG 50:2
14076,DG O-56:6
14079,TG 55:3
14084,TG 64:5
14087,TG 81:6;O3
14116,DG 38:1;O2
14131,TG 56:3
14171,DG 60:6
14194,DG O-42:1
14209,TG 62:3
14210,TG 61:0;O
14211,DG 65:2;O
14224,TG O-85:3
14251,CE 22:1
14257,TG 61:1;O
14262,TG O-78:0;O2
14286,DG 44:8;O2
14295,DG O-44:3
14301,CE 30:1;O
14313,TG O-98:8
14329,DG 40:1;O
14332,DG O-54:4
14356,TG 83:3;O
14364,DG 39:5;O
14378,DG O-56:5
14438,DG 36:1;O2
14573,ST 26:0;O4;S
14627,ST 24:1;O3;GlcA
14628,ST 21:1;O4;HexNAc
14638,ST 27:2;O6;Hex
14657,PI 28:2
14724,LPG 16:0
14764,Car 18:3
14802,LPI 32:6
14929,ST 27:1;O2
14960,Car 20:2;O4
15001,ST 28:0;O4;T
15100,PE 24:0;O
15153,DG 26:6
15253,SM 29:0;O5
15391,LPG 25:0;O
15566,PC 33:2
15567,SM 42:2;O3
15640,PA 43:4
15646,MIPC 28:6;O6
15757,SHexCer 42:3;O2
15897,SM 36:1;O3
16239,PC 35:2
16250,HexCer 38:0;O5
16479,PIP3 39:5;O
16517,PC 41:1;O
16525,HexCer 38:3;O2
16535,HexCer 38:5;O2
16539,PC 36:2
18042,HexCer 48:4;O4
18078,HexCer 47:6;O2
18147,PA O-46:3
18168,PI O-37:0;O
18192,CerP 50:4;O2
18500,HexCer 41:1;O5
18525,TG 53:2;O3
18589,SM 47:1;O5
18724,TG 49:3
18737,SM 51:2;O5
18831,HexCer 48:5;O4
18836,TG 44:0;O
18850,SM 47:5;O3
18891,TG 88:8;O
18893,SM 35:2;O5
18916,TG 59:1;O
18958,ACer 60:2;O2
19001,TG 56:4
19196,ST 23:1;O5;HexNAc
19280,LPS O-18:0
19655,FA 22:0;O
20052,PC O-38:5
20079,PC 44:12;O
20200,HexCer 43:6;O2
21043,TG 53:0;O3
21907,PI 36:3
21950,LPI O-31:0
21994,PE-Cer 33:2;O2
22046,NA 26:4;N
22073,SHexCer 44:3;O2
22107,LPI O-34:0
22114,PA 45:8
22203,PA 43:8
22283,Cer 39:1;O4
22289,PC 42:6
22338,PC 42:5;O
22729,SHexCer 42:2;O2
23274,Cer 50:5;O4
23460,DG 42:6
23641,TG 95:5
23699,TG 52:3
24498,PG O-44:7
79993,ST 26:1;O8;G
80962,SHexCer 28:2;O2
81521,PG 25:1;O2
82074,ST 30:0;O8;T
82615,PG 23:1;O
83000,ST 25:2;O4;HexNAc
83183,ST 30:1;O8;T
83261,NAT 20:2;O
83284,NAT 18:2
83386,ST 22:5;O7
83395,ST 22:4;O5;G
83440,ST 24:6;O6
83470,PI-Cer 32:1;O3
83489,NAE 18:5
83528,LPC 20:5
83583,LPC 18:3
83610,LPC 14:0
83624,LPC 16:1
83654,PC O-18:4_2:0
83744,LPC O-16:0;O
83935,LPC 15:0
83971,LPC 20:5
84003,PC O-18:3_2:0
84075,CerP 30:5;O3
84132,LPC 16:0
84511,LPC 18:1
84860,PE O-18:0_2:0
84893,LPC O-16:1
85005,ST 30:4;O
85028,LPC O-16:0
85082,NA 18:2
85115,LPC O-18:1
85154,LPC 18:0
85188,CAR 18:0
85199,MG 16:0
85208,LPC 18:0
85271,PC O-18:0
86152,SM 32:2;O3
86366,SM 14:3;O2/18:2
86566,Cer 15:3;O2/18:5
86590,ST 27:3
86602,Cer 18:2;O2/18:5
86632,SPB 22:0;O2
86669,AcylGlcADG 16:2_16:4_18:5
86716,HC 22:3
86928,MG 19:1
87000,PI 40:3
87446,ST 24:1;O;HexNAc
87808,SM 33:2;O3
88213,SM 15:3;O2/18:2
88707,TG 8:0_8:0_17:2
88789,PI-Cer 36:0;O4
88836,PI 32:0
88839,MG 27:4;O
88861,TG 8:0_8:0_12:0
89086,ST 31:3;O5
89170,ST 29:3;O4
89506,NAE 17:0
89515,FA 19:0;O
89562,SM 14:0;O2/16:1
89582,PC 8:0_18:0
89611,SM 32:2;O2
89630,SM 14:0;O2/18:2
89647,LPG O-22:0;O
89676,TG 12:2_12:2_22:6
89683,WD 22:1;O2
89694,FA 20:0;O
89697,PR 20:2;O2
89739,PC 32:2
89746,LPC O-24:1
89752,LPE O-25:0
89760,PI 38:6
89777,SM 15:0;O2/16:1
89785,MG 22:1
89800,PC 14:0_18:3
89873,SM 15:0;O2/18:2
89882,PI 36:4
89986,PI 34:2
89998,PC 33:2
90027,PC 12:0_16:0
90038,NAE 22:1;O
90040,SM 32:1;O2
90085,SM 14:0;O2/18:1
90160,PC 32:1
90212,PC 14:0_16:1
90387,TG 12:1_12:3_22:7
90421,NAE 22:0;O
90467,PC 32:2
90495,SL 22:1;O/22:6
90600,PC 32:0
90824,LPC O-24:0
90842,LPC 34:4;O
90858,SM 15:0;O2/18:1
90908,SM 17:2;O2/18:2
90931,PA 40:5
90973,PA 41:5
91104,PA 43:8
91121,PC 32:0
91222,AcylGlcADG 22:4_22:6_20:5
91319,SM 34:1;O3
91345,PI 38:4
91417,SM 17:0;O2/18:2
91443,Hex2Cer 18:1;O2/16:0
91472,SHexCer 35:0;O4
91493,SHexCer 40:1;O2
91530,PG dO-40:0
91739,PC 33:2
91803,HexCer 37:2;O4
91943,Hex2Cer 16:0;2O/14:0
92342,PA 41:5
92385,SM 16:0;O2/18:1
92438,PI 36:2
92444,PA 42:6
92465,TG 14:2_14:3_18:5
92481,PEtOH 16:1_22:6
92534,PA O-43:7
92550,PC 14:0_18:3
92575,PC 14:0_16:0
92652,SM 20:0;2O/16:4
92683,HexCer 35:0;O5
92714,LPC 34:2
92762,SM 16:0;O2/18:1
93115,PA 41:5
93654,PC 14:0_18:1
93781,PI 38:3
93797,PA 44:7
93813,PG dO-40:0
93962,SM 20:0;O2/16:2
94028,PA O-43:8
94084,PA 45:7
94132,PC 15:0_18:4
94217,FA 27:0
94234,PA 39:3
94610,PEtOH 21:2_18:4
94658,HexCer 39:2;O5
94692,HexCer 38:2;O5
95164,PC 15:0_16:0
95175,PC 20:1_16:2
95351,PC 16:0_18:2
95608,SM 17:0;O2/18:1
95624,HexCer 41:3;O5
95643,PE O-20:4_21:2
95724,PC 18:0_20:5
95821,PC 18:2_19:2
95860,SM 16:0;O2/18:0
95905,PC O-18:1_22:6
95959,PC O-20:3_16:2
96068,PC 15:0_16:0
96095,PC 16:0_20:3
96304,PC 15:1_18:2
96335,SM 17:0;O2/18:1
96367,PE O-20:4_21:2
96394,PC 15:0_18:1
96463,PC 18:2_19:2
96506,PC 38:4
96558,PC 21:2_18:3
96573,PC 17:0_18:2
96610,PI 36:1
96616,PC 19:2_18:3
96635,PC O-18:2_20:5
96649,PC O-20:3_16:1
96799,PC O-18:4_15:1
96852,PC O-18:0_20:5
96912,PC 18:0_22:6
97046,PC O-18:4_17:2
97109,PC O-33:0;O
97163,PC O-18:0_22:6
97179,PC 18:0_20:4
97594,PC O-16:0_18:2
97668,PC O-20:3_16:0
97734,PC 19:2_18:4
97775,PC 16:0_18:3
97802,PC 14:0_18:0
97936,PC 16:0_18:1
98203,PC 18:0_20:4
98387,SM 20:0;O2/16:1
98445,HexCer 18:2;O2/21:1
98636,PC 18:0_22:5
98796,PC 20:0_16:2
98875,PC 20:1_16:3
98889,PC O-20:3_16:0
98932,PC 18:0_20:5
98950,SM 18:0;O2/20:2
99000,PC O-18:1_22:6
99013,PE O-18:4_23:0
99044,SM 18:1;O2/22:2
99339,PC 15:0_20:4
99694,SM 18:0;O2/24:4
99724,PC 20:1_18:2
99755,PC 20:0_16:2
100060,PC 18:0_20:5
100086,PC O-18:0_22:6
100108,SM 18:0;O2/19:1
100126,PC 17:0_18:1
100155,PE O-18:4_23:0
100184,PC 18:0_22:5
100216,PEtOH 16:0_20:3
100271,PE O-18:0_17:1
100302,PC O-18:0_20:5
100324,PC 18:0_20:3
100464,HexCer 43:3;O5
100476,PC O-16:0_18:2
100535,PC 18:0_22:6
100557,PC 18:2_21:2
100574,PC 17:0_18:1
100621,PC O-20:3_16:0
100640,PC 18:0_19:2
100649,PE O-18:0_17:0
100681,PC O-16:0_18:3
100692,PC O-16:0_18:1
100752,PC O-20:3_16:1
100775,PE O-18:4_23:0
100807,PC O-18:0_22:5
100831,PE O-18:0_20:5
100907,PC O-20:3_16:0
100956,PC O-18:4_19:2
100973,PC O-16:0_20:2
100991,PC 18:0_22:4
101011,PC 19:0_18:2
101023,PC 18:3_24:4
101037,PC 18:0_20:3
101060,DG 14:0_18:1
101079,PC O-18:2_24:4
101091,PC O-18:2_15:1
101110,TG O-8:0_8:0_18:2
101131,Cer 37:2;O4
101173,SL 17:0;O_18:1
101190,PC O-16:0_20:2
101202,PC 18:1_24:4
101207,TG O-8:0_8:0_20:3
101217,PC O-18:2_15:1
101258,Cer 18:2;O3/21:1;(2OH)
101299,PC 34:0
101349,PC 20:0_16:1
101480,HexCer 40:1;O5
101487,SM 18:0;O2/20:1
101570,PC 18:1_20:1
101584,PC 18:0_20:4
101602,SM 18:2;O2/22:2
101615,SM 18:0;O2/26:6
101633,SM 18:1;O2/24:2
101710,PC O-18:0_20:3
101736,SM 18:0;O2/22:2
101778,PC 18:0_20:2
101808,SM 18:3;O2/24:2
101829,HexCer 19:0;O2/24:6
101909,PC O-18:0_22:5
101920,PE 20:0_16:1
101979,DG 18:2_20:2
101996,PC 17:0_18:0
102004,MG 33:2;O
102015,TG O-8:0_8:0_22:4
102024,PC O-18:3_26:4
102089,SM 18:0;O2/20:0
102101,SM 42:1;O3
102108,PC O-18:2_24:4
102113,PC O-16:0_20:2
102382,DG 14:0_18:0
102569,Cer 18:0;O3/19:1;(2OH)
102614,Cer 18:1;O3/21:1;(2OH)
102755,SM 18:0;O2/22:1
102840,HexCer 18:1;O2/22:0
102859,PC O-18:0_24:4
102870,HexCer 18:2;O2/24:2
102920,PC 18:1_24:2
102941,DG 42:9;O2
102947,SM 18:1;O2/25:1
102997,SM 18:0;O2/24:1
103048,SM 18:1;O2/25:1
103104,HexCer 18:1;O2/23:0
103117,HexCer 18:3;O2/25:1
103128,PC O-22:4_24:2
103132,PC O-18:0_24:4
103138,TG O-8:0_10:0_16:0
103144,HexCer 18:0;O2/24:1;O
103151,SM 18:1;O2/25:1
103159,Hex2Cer 18:0;O2/24:1
103171,DG 16:0_20:1
103209,DG 16:0_18:0
103225,PC O-18:1_24:2
103236,SL 18:0;O_19:0
103261,SM 18:0;O2/24:1
103284,PC O-18:0_22:2
103319,Cer 18:3;O2/26:2;O
103337,Cer 18:1;O2/24:1;O
103378,Cer 18:1;O2/22:0;O
103410,Cer 18:2;O2/24:2;O
103426,SM 18:0;O2/26:2
103441,SM 18:2;O2/26:2
103456,TG 50:0;O
103465,SM 18:0;O2/24:1
103544,PC O-18:0_26:4
103552,HexCer 18:1;O2/24:0
103584,HexCer 18:2;O2/26:2
103630,TG 12:1_14:0_14:1
103668,Cer 19:1;O2/24:1;O
103690,Cer 21:3;O2/24:2;O
103720,PC O-22:3_24:2
103724,Cer 18:0;O2/24:1;O
103738,SM 18:0;O2/25:1
103757,Cer 18:0;O2/22:0;O
103801,TG 14:0_14:1_14:2
103841,SM 18:0;O2/24:0
103852,Cer 42:0;O3
103871,Cer 18:3;O2/25:1;O
103900,Cer 18:1;O2/23:0;O
103955,PC O-18:0_24:2
103963,PC O-22:3_24:2
103967,PC O-18:0_26:4
104042,DG 16:0_20:0
104059,Cer 18:0;O2/23:0;O
104072,Cer 18:1;O2/24:0;O
104125,TG 12:0_13:0_13:0
104172,Cer 18:2;O2/26:2;O
104205,TG 12:0_14:0_14:1
104272,TG 13:0_15:0_17:1
104277,TG 46:1
104281,TG 48:2
104284,TG 13:0_15:0_19:2
104288,TG 12:0_14:1_16:1
104356,Cer 19:1;O2/24:0;O
104415,TG 12:0_16:1_16:2
104487,TG 14:2_16:0_16:2
104524,DGTS 21:1_24:2
104547,TG 12:0_13:0_14:0
104589,HexCer 44:0;O3
104596,TG 12:0_14:1_15:0
104657,TG 18:3_20:4_20:5
104675,SL 23:3;O/26:2;O
104725,TG 14:1_18:2_20:5
104762,TG 14:1_16:2_18:2
104882,TG 12:0_14:0_14:0
104939,TG 46:0
104943,TG 12:0_14:0_16:1
105026,TG 14:0_16:1_18:0
105097,TG 14:1_15:0_15:1
105182,TG 15:1_17:0_17:1
105192,TG 14:0_16:1_16:2
105268,TG 52:3
105272,TG 18:2_20:4_20:5
105302,TG 14:1_16:1_18:2
105373,TG 14:0_18:2_20:5
105427,TG 54:4
105436,TG 15:1_19:1_19:2
105470,TG 13:0_15:0_15:1
105515,TG 14:1_18:1_18:3
105652,TG 56:5
105657,TG 14:0_18:2_22:6
105729,TG 16:1_18:2_18:3
105810,TG 16:2_18:1_20:4
105935,TG 60:7
105937,TG 12:0_16:0_16:1
106054,TG 50:1
106058,TG 14:1_16:0_16:1
106135,TG 14:0_18:1_20:1
106144,TG 15:0_17:1_19:1
106236,TG 14:0_16:2_18:1
106345,PE O-22:4_25:0
106571,TG 14:1_18:1_18:2
106723,TG 16:0_18:3_22:5
106840,TG 16:2_18:1_18:2
107000,TG 16:0_18:2_20:4
107254,TG 58:5
107257,TG 17:0_19:2_21:3
107266,TG 60:6
107269,TG 15:0_16:1_18:2
107323,TG 18:1_20:3_20:5
107404,TG 15:1_18:1_18:2
107463,TG 12:0_14:0_18:0
107520,TG 14:0_16:0_16:1
107619,TG 15:0_17:0_19:1
107630,TG 16:0_18:2_19:0
107649,TG 14:1_16:1_18:0
107798,TG 54:2
107804,TG 16:0_18:2_22:5
107986,TG 14:1_18:0_18:2
108306,TG 56:3
108311,TG 15:2_19:1_21:0
108325,TG 16:1_18:1_18:2
108867,TG 18:0_19:2_20:2
108875,TG 58:4
108878,TG 16:1_18:1_20:3
109251,TG 15:1_22:2_22:2
109255,CE 20:5
109428,TG 18:1_21:2_21:2
109432,TG 15:0_16:0_18:2
109501,TG 18:1_20:3_20:4
109666,TG 17:1_18:1_18:2
109749,TG 16:0_18:2_22:4
109934,TG 14:0_16:0_18:1
110088,CE 22:6
110187,TG 16:0_18:1_19:0
110195,TG 15:2_19:0_21:0
110205,TG 14:1_18:0_18:1
110542,CE 18:3
110630,TG 56:2
110632,TG 52:3
111282,TG 15:0_21:0_21:3
111288,TG 16:0_20:0_22:3
111295,TG 16:1_18:2_20:1
111740,TG 15:0_22:2_22:2
111745,TG 18:2_20:0_22:2
111751,TG 86:7;O
111765,CE 20:4
112156,TG 15:0_18:0_18:2
112264,TG 16:0_18:1_22:4
112387,CE 16:1
112716,DG 59:2
112750,TG 50:1
112853,TG 16:1_18:0_18:1
113308,CE 18:2
113612,TG 82:3;O
113631,TG 16:0_18:1_20:2
113876,TG 15:2_21:0_21:0
113879,TG 15:1_22:1_22:1
113883,CE 20:3
113984,TG 18:1_20:0_22:2
113990,TG 15:0_18:0_18:1
114101,TG 17:1_18:0_18:1
114176,CE 19:2
114198,TG 59:2
114199,TG 17:0_18:2_20:1
114239,TG 14:0_18:0_21:2
114247,TG 18:0_20:2_20:3
114297,TG 16:0_18:0_18:1
114376,TG 58:1
114378,TG 57:1
114380,TG 16:0_18:1_20:1
114528,CE 18:1
114740,TG 82:0;O
114769,CE 22:1
114836,TG 16:0_18:1_19:0
114887,TG 81:5;O3
114902,DG 52:2
114917,TG O-18:1_16:0_16:0
114937,CE 16:0
114946,CE 19:1
115001,TG 16:0_18:0_20:1
115028,TG 60:1
115029,TG 18:2_20:0_20:1
115049,TG 14:1_20:0_20:0
115105,DG 62:5
115115,SL 10:1;O/14:1;O
115145,TG 16:0_18:1_22:0
115161,TG 16:0_20:2_22:0
115193,ST 30:0;O6;S
115524,SHexCer 28:3;O2
115636,CAR 14:1
115665,LPC 22:6
115708,PC O-18:5_4:0
115725,PE O-16:2_2:0
115740,LPC 18:3
115757,LPC 19:1
115795,PC O-14:0_5:0
115802,ST 30:0;O2;GlcA
115849,TG 8:0_8:0_16:2
115879,PC O-18:0_2:0
115894,MG 18:0
116053,FA 20:0
116054,PC O-18:5_8:0
116101,HexCer 38:3;O5
116104,PA 45:8
116156,SM 43:1;O4
116423,PC O-18:2_22:6
116433,PC 18:1_19:2
116464,PC 16:0_17:0
116480,SM 20:0;O2/16:0
116500,PI O-62:0;O
116505,SM 18:0;O2/22:2
116557,HexCer 41:1;O5
116645,HexCer 43:2;O5
116673,PC 18:0_22:3
116677,DG 15:0_18:1
116699,PE 18:0_22:1
116835,SM 18:2;O2/25:1
116901,DG O-36:1
117027,SM 18:0;O2/24:2
117073,Cer 18:1;O2/20:0;O
117086,PC 15:0_21:0
117111,SM 18:0;O2/24:2
117259,TG 16:0_16:1_16:4
117282,SM 18:0;O2/24:2
117327,PG 40:0;O
117393,SM 18:0;O2/23:1
117406,PC O-18:0_24:4
117451,Cer 18:3;O2/23:1;O
117494,PC O-18:1_26:4
117517,DG 16:0_18:0
117540,TG O-14:1_10:0_12:0
117564,Cer 18:3;O2/26:2;O
117569,PC 18:0_24:2
117574,TG 14:0_16:0_18:3
117585,TG 14:0_14:1_16:3
117628,Cer 40:0;O
117637,Cer 18:0;O2/24:0;O
117663,TG 14:1_18:2_18:3
117710,TG 50:2
117725,TG 59:7
117727,TG 15:0_17:0_17:1
117735,TG 16:1_19:1_19:1
117784,TG 52:1
117791,TG 54:1
117794,TG 17:0_18:1_18:2
117899,CE 22:2
118053,DG 36:0;O2
118085,DG 58:4
118125,TG 62:2
118167,LPG 13:3
118195,PK 20:2;O6
118204,PC 26:0
118245,ST 24:0;O6
118438,HexCer 28:4;O2
118553,PI 43:4;O
118574,CAR 24:0
118585,ST 29:2;O2
118602,PA 45:8
118606,PA 40:4
118688,PC O-16:0_18:3
118834,PC 18:0_20:4
118902,SM 18:0;O2/22:1
119118,TG O-8:0_8:0_18:1
119181,PE O-20:3_18:0
119238,SM 18:2;O2/24:2
119267,PIP3 42:8
119329,SM 18:0;O2/26:5
119488,SM 18:0;O2/22:0
119497,Cer 16:1;O2/23:0;O
119515,TG 16:0_16:2_17:3
119522,SM 18:0;O2/23:1
119535,SM 18:3;O2/25:1
119559,PC O-22:4_24:4
119676,TG 83:3;O
119692,TG 82:1;O
119792,PE-Cer 30:5;O3
119857,Car 25:3;O4
119958,PE 19:0_19:1
120065,SPB 20:2;O
120200,HC 25:1
120223,SL 21:1;O_21:1;O
120270,Hex2Cer 18:0;O2/14:1
120278,PI 38:5
120313,HexCer 39:3;O5
120320,HexCer 41:4;O5
120354,PI 40:5
120363,PI 36:2
120367,PC 32:0
120410,LPC 34:4;O
120437,SHexCer 40:0;O2
120450,PC O-18:5_17:2
120492,HexCer 41:3;O5
120502,HexCer 40:2;O5
120513,HexCer 41:3;O4
120527,HexCer 43:4;O4
120543,HexCer 39:0;O5
120553,PC O-14:1_17:2
120577,HexCer 37:0;O5
120598,HexCer 39:1;O5
120607,HexCer 39:1;O5
120620,HexCer 41:2;O5
120634,PC O-18:2_19:2
120647,HexCer 40:1;O5
120657,HexCer 43:3;O4
120667,HexCer 45:4;O5
120677,HexCer 39:0;O5
120691,DG 20:1_16:2
120833,HexCer 49:4;O4
120893,TG 12:0_14:0_15:0
120921,TG 14:1_15:0_16:1
120962,TG 14:1_16:0_17:2
120996,TG 42:0
121062,TG 14:0_16:1_17:1
121106,TG 16:0_18:1_22:6
121228,TG 15:0_16:0_18:1
121278,DG 56:5
121402,CE 20:2
121415,TG 60:2
121423,TG 18:0_19:1_19:1
121461,PI 24:0
121930,Car 15:0
122023,LPC O-20:1
122027,Cer 8:0;O2/16:4
122076,MG 19:1
122081,Cer 15:2;O2/16:2;O
122097,PI 36:3
122133,SHexCer 40:1;O2
122142,PC 33:0
122202,HexCer 43:4;O5
122211,HexCer 45:6;O5
122248,SM 45:2;O4
122253,HexCer 41:2;O5
122311,HexCer 34:2;O2
122354,Cer 43:4;O2
122357,PIP3 44:10
122364,TG 16:0_16:0_16:4
122383,TG 58:6
122406,TG 81:4;O3
122456,ST 22:0;O5;HexNAc
122574,ST 21:3;O5
122658,CAR 20:0
122704,SM 32:3;O3
122711,Cer 28:6;O
122713,MG 24:2
122727,PA 42:6
122892,PC 18:0_22:5
123181,PE O-18:0_20:2
123230,DG 16:0_20:1
123247,DG 16:0_20:0
123267,PG O-34:2
123380,PK 45:13;O24
123405,PE O-42:3
123442,TG 16:1_18:1_18:5
123487,TG 48:0
123488,PC O-49:4
123492,TG 16:1_18:1_20:5
123571,TG 16:1_18:1_22:6
123672,DG 56:4
123694,DG 58:5
123811,ST 28:0;O7;T
124083,DG O-20:1
124128,MG 18:2
124155,ST 28:0;O;GlcA
124214,ST 29:1;O2;Hex
124308,Hex2Cer 20:0;O2/16:4
124323,PC 17:0_18:5
124367,HexCer 42:3;O5
124371,Cer 41:1;O4
124386,Car 34:4;O
124427,DG 16:1_18:1
124476,TG O-8:0_8:0_20:3
124839,SM 21:3;O2/24:2
124947,DG 20:0_18:1
124959,TG 14:0_14:0_15:0
124973,TG 14:0_15:0_16:0
124977,TG 13:0_15:0_19:1
125028,TG 15:0_16:0_16:0
125032,TG 14:0_15:0_17:0
125076,TG 59:1
125151,PC O-18:2_2:0
125166,PS 14:0_15:0
125212,ST 30:3;O5
125260,SM 32:0;O2
125277,Hex3Cer 16:0;O2/18:1
125292,PC 13:0_18:2
125322,PC O-14:0_16:0
125360,HexCer 43:3;O5
125366,PE O-18:0_20:4
125855,HexCer 18:3;O2/26:2
126018,Cer 23:0;O2/18:2;O
126040,DGTS 25:0_18:2
126058,TG 14:1_15:0_16:0
126095,TG 59:2
126096,TG 18:1_20:1_20:1
126100,DG 60:4
126184,PC O-31:0;O
126292,SM 44:2;O4
126338,TG 50:0
126339,TG 15:0_16:0_16:1
126378,CE 25:4
126400,TG 16:0_18:0_20:0
126439,ST 27:4;O;GlcA
126458,SHexCer 14:1;2O/16:2;O
126514,SL 14:3;O/14:1
126522,PC 25:1;O
126544,ST 30:3;O3;Hex
126610,ST 26:1;O;Hex
126631,SM 14:0;O2/18:0
126636,PC 14:0_15:0
126641,HexCer 16:0;O2/18:1
126653,PC O-14:0_18:1
126670,PC 17:0_20:3
126696,TG 14:0_14:1_19:4
126734,PS 66:2;O
126870,TG 16:0_18:1_22:1
126912,PI-Cer 33:1;O3
126967,ST 26:3;O2;F3
126995,PK 32:10;O19
127003,SHexCer 37:1;O4
127010,HexCer 41:4;O5
127049,HexCer 41:4;O4
127078,HexCer 43:4;O5
127086,PC O-14:0_17:2
127123,PE O-22:3_20:2
127142,Cer 18:2;O2/24:0;O
127168,TG O-48:5
127169,DG 42:4;O
127179,Cer 43:0;O2
127230,PC O-44:3
127231,TG 13:0_14:0_14:0
127245,TG 16:3_18:1_22:6
127317,GlcADG 18:0_22:0
127322,GlcADG 18:0_24:1
127329,TG 18:1_20:4_20:5
127374,TG 16:0_20:2_22:4
127415,DG 60:2
127425,DG 64:7
127437,DG 64:6
127448,Car 20:1;O4
127501,PK 31:3;O2
127512,SHexCer 42:2;O2
127668,PC 18:2_24:4
127707,FA 23:0;O3
127718,PC O-16:0_20:0
127736,TG 15:0_19:1_19:2
127747,TG 17:1_19:1_19:2
127774,HexCer 39:0;O4
127786,PC 18:0_20:4
127834,Cer 18:1;O2/24:0;O
127852,DG 56:6
128394,TG 16:1_18:0_20:5
128420,ST 25:4;O3;Hex
128483,SL 15:1;O/16:2;O
128497,TG 12:0_12:1_16:3
128565,PE O-18:0_22:5
128617,TG 16:1_18:1_18:4
128712,TG 14:0_18:0_20:1
128720,TG 18:1_19:0_19:0
128855,PI 40:6
128866,PA 42:6
128871,LPC 34:3
128886,PA O-43:8
128895,PE O-18:2_22:6
128919,PE 18:1_24:4
128944,TG 16:4_16:4_18:4
128947,PC 18:4_24:4
128951,PC O-18:3_24:4
128957,PA 35:0
128992,SM 18:2;O2/26:2
129004,PC O-44:6
129219,PC O-18:2_26:4
129398,SM 42:0;O3
129410,PIP3 45:8
129413,SM 18:0;O2/21:1
129422,PC O-22:4_24:2
129560,TG 18:2_20:5_22:6
129583,TG 18:2_22:6_22:6
129612,TG 64:11
129658,TG 61:9
129659,TG 18:2_20:4_22:6
129731,TG 18:1_22:6_22:6
129735,TG 18:1_20:4_22:6
129756,TG 16:1_18:1_21:5
129777,TG 18:1_20:4_22:5
129825,TG 16:1_18:1_20:4
129936,CE 25:5
129943,TG 62:7
129944,TG 18:0_20:3_20:4
129967,DG 60:7
130033,PG 30:2;O
130052,SPB 30:0;O8
130064,Cer 28:0;O6
130096,LPC 24:0
130101,PC O-18:0_22:5
130118,PC 18:0_22:4
130121,PC O-18:0_20:3
130130,PC 18:0_22:4
130138,PC 20:0_18:2
130157,PC O-18:0_22:3
130162,PC O-44:3
130165,Hex(3)-Cer 42:1;O2
130179,PC O-18:0_20:0
130185,PC 18:0_24:1
130372,ST 29:3;O5
130373,NA 18:0
130389,ST 28:2;O4;G
130425,ACar 26:0
130727,HexCer 18:3;O2/26:2
130887,TG 78:1;O
130907,PG dO-40:0
130949,TG 16:1_16:1_17:3
131024,HexCer 30:5;O2
131070,SHexCer 40:0;O2
131079,Cer 40:1;O3
131086,HexCer 45:4;O4
131103,DG 18:1_20:1
131147,NAOrn 18:2/19:2
131156,NAOrn 18:3/19:2
131165,Cer 20:1;O2/23:0;O
131258,TG 64:9
131324,DG 58:6
131459,PC O-32:1
131479,PC 16:0_20:3
131499,PC O-18:0_20:5
131511,TG 82:4;O
131516,DG 60:5
131537,SHexCer 33:2;O2
131666,HexCer 41:2;O4
131673,PC 20:1_16:3
131682,PC O-18:5_19:2
131707,PC 18:0_20:3
131723,PE O-18:0_20:2
131738,TG O-16:0_18:1_18:2
131747,TG 16:0_18:1_22:2
131855,SPB 17:0;O2
131860,NAE 19:3
131862,ST 27:0;O3;Hex
131871,LPE O-21:1
131895,PR 25:3
131903,SM 20:0;O2/16:1
132527,TG 14:1_14:1_18:2
132534,Cer 43:5;O2
132539,TG 57:9;O3
132542,DGTS 19:1_26:1
132563,DGTS 21:0_24:4
132577,TG 61:8
132578,TG 84:4;O
132592,SHexCer 30:2;O3
132704,CAR 18:2
132709,PC O-14:1_3:0
132725,CAR 16:0
132730,CAR 18:1
132979,PC O-18:3_15:1
133005,DG 14:0_18:1
133015,DG 14:0_16:0
133023,Cer 37:2;O4
133180,PC 14:1_15:1
133251,Hex2Cer 18:0;O2/14:1
133261,Hex2Cer 16:0;2O/14:0
133283,TG 17:2_19:1_19:2
133302,PI 31:1
133316,DG 6:0_15:0
133329,PC O-31:6
133343,PI 39:2
133348,SM 32:3;O3
133351,PI 39:2
133355,TG 12:3_12:3_22:6
133360,PC O-18:0_22:6
133396,TG 16:0_18:1_22:0
133427,SPB 17:0;O2
133438,TG 12:2_12:2_20:6
133442,PE 16:0_18:1
133541,Car 18:0;O3
133629,HexCer 18:0;O2/22:6
133656,TG 62:8
133660,SHexCer 32:2;O4
133900,Hex2Cer 30:2;O2
133926,HexCer 38:1;O5
133929,Car 32:3;O
133957,HexCer 23:3;O2/18:2
133968,TG 16:0_16:1_16:4
133985,PA 50:8
133987,DG 44:5
134083,PG 31:2;O
134159,SM 29:0;O4
134184,HexCer 41:1;O5
134550,PC O-18:1_24:4
134593,TG 14:3_16:0_18:2
134631,PC 18:0_22:6
134638,HexCer 39:2;O4
134658,SM 18:0;O2/26:1
134664,TG 57:6
134733,SL 20:3;O/20:1;O
134745,SL 19:2;O/19:2
134757,MGDG O-18:0_5:0
134767,DG 23:0;O
134784,HexCer 45:5;O4
134820,TG 14:1_20:1_20:1
134957,PC 15:1_18:1
135386,PC 18:1_24:4
135826,Car 15:0
135844,PC 15:0_18:3
135906,PC O-18:0_22:5
135956,TG 80:0;O
135970,PR 20:2;O
135992,SM 43:1;O4
135996,DG 19:2_18:5
136020,PA O-43:1
136042,PG O-34:3
136050,Cer 42:1;O3
136140,SM 43:2;O4
136146,DGTS 23:0_24:4
136162,SM 18:0;O2/32:1
136331,CE 16:0
136475,PC 18:0_22:4
136800,PC O-22:4_24:2
136822,TG 14:1_18:2_18:2
136826,SM 54:6;O4
136834,TG 65:12;O3
136881,TG 64:4
137310,NAE 20:1
137345,SM 18:0;O2/23:0
137399,TG 12:2_12:2_22:7
137430,TG 16:0_18:4_20:5
137503,TG 63:4
137583,HexCer 42:5;O3
137633,Car 32:2;O
137648,PC O-18:0_22:4
137664,PC 18:0_24:4
137675,PA O-45:0
138228,HexCer 34:0;O5
138956,NA 41:2;O4;N
139030,ST 26:2;O4
139160,LPI O-19:0
139187,TG 46:6;O2
139203,PC 14:0_18:3
139280,SM 44:1;O4
139397,DG 56:7
140151,TG 80:2;O
140193,DGTS 21:1_24:2
140205,PE O-29:8
140535,Car 20:1;O4
140570,SM 18:1;O2/23:1
140587,Cer 19:0;O2/24:0;O
140609,PC 26:4
140698,PI 32:1
140724,SM 39:2;O2
140742,ST 21:0;O6
141111,PC O-18:0_24:2
141118,SM 18:0;O2/34:1
141583,SM 18:0;O2/25:1
141602,TG 8:0_8:0_16:4
141626,PG O-44:0;O
141649,GlcADG 13:0_13:0
141753,TG 12:1_12:1_16:4
141767,SM 18:1;O2/32:2
141787,LPC O-17:0;O
141823,LPC O-22:2
141843,PC 12:0_16:1
141917,PC O-18:0_22:4
141924,PE 18:0_20:1
141934,PI O-30:4
141986,HexCer 19:2;O2/24:6
142389,TG 61:2
142469,LPI O-33:3
142478,PC O-16:0_18:1
142481,PG 39:0;O
142539,TG 12:0_16:0_22:6
142552,DG O-55:5
142568,LPC O-26:2
143324,PC O-50:4
143342,SM 38:3;2O
143401,PC 18:0_24:4
143761,LPC O-26:1
143780,Cer 20:0;O2/16:1;O
144147,Cer 18:0;O2/26:2
144312,PC 30:7;O
144368,TG O-80:0;O2
144411,PI-Cer 31:4;O4
144500,PA O-43:0
144505,PI 48:3
144538,TG 14:2_14:2_16:5
144546,DG 54:5
145170,Cer 19:0;O2/24:2;O
145668,DGTS 12:0_16:2
146404,TG O-8:0_10:0_20:4
146413,TG 14:0_20:1_20:1
147207,DGTS 22:3_22:6
147221,LPE O-23:0
147246,TG 81:3;O3
147279,HexCer 39:5;O2
147674,SHexCer 52:5;O2
149570,HexCer 45:5;O5
149931,CAR 26:1
151509,Cer 18:1;O2/23:0;O
151546,LPC O-27:4
151547,Cer 51:3;O
151701,PC O-18:0_2:0
151724,HexCer 19:1;2O/24:6
151738,SM 45:1;O4
151741,HexCer 18:0;O2/20:1
151784,DG O-42:5
151797,TG 54:5
151847,PI-Cer 31:0;O6
151866,PG 32:1;O
151876,PG 14:0_16:1
152609,PE O-18:0_24:4
152998,PR 20:1;O2
153309,LPC O-22:1
153593,TG 50:5;O
153630,PC O-18:0_15:1
n|10005.0,LPC 22:6
n|10039.0,LPE 22:6
n|10057.0,PC O-18:4_2:0
n|10137.0,LPC 16:1
n|10159.0,LPS 21:1
n|1039.0,HexCer 34:3;O2
n|10392.0,LPE 18:2
n|10482.0,LPC 20:3
n|10514.0,LPC 16:0
n|10778.0,PE O-14:0_4:0
n|10820.0,LPC 18:1
n|11649.0,LPC 17:0
n|11673.0,LPE O-16:1
n|11682.0,LPC O-16:0
n|11694.0,FA 20:4
n|11705.0,PC O-14:0_4:0
n|11742.0,LPC O-18:1
n|11753.0,FA 16:1
n|11779.0,PE O-18:0_2:0
n|11789.0,PC O-14:0_4:0
n|12023.0,FA 18:2
n|12153.0,LPE 18:0
n|12226.0,FA 15:0
n|12230.0,FA 20:3
n|12237.0,FA 17:1
n|12240.0,LPI O-23:0
n|12270.0,PI 40:4;O
n|12276.0,LPE O-18:1
n|12285.0,LPC 19:0
n|12300.0,LPA O-25:3
n|12323.0,ST 27:1;O;S
n|12436.0,FA 16:0
n|12448.0,FA 18:1
n|12466.0,FAHFA 19:2/19:2
n|12687.0,ST 29:1;O2;S
n|12705.0,ST 20:2;O2;S
n|12732.0,FA 20:2
n|12738.0,ST 28:1;O;S
n|12749.0,LPC 20:0
n|12800.0,PI 18:0_22:3
n|12819.0,MIPC 37:3;O2
n|12821.0,PI 18:0_22:4
n|12825.0,ST 29:1;O;S
n|12863.0,PE O-22:6_4:0
n|12976.0,FA 18:0
n|12987.0,FAHFA 19:0/19:2
n|12998.0,ST 23:6;O5
n|13003.0,FA 20:1
n|13030.0,FA 20:0
n|1308.0,Cer 36:3;O3
n|13101.0,SM 14:0;O2/16:1
n|13110.0,LPI O-23:0
n|13144.0,SM 14:0;O2/18:2
n|13168.0,ST 28:1;O3;Hex
n|13174.0,LPA 29:4
n|13207.0,LPC O-24:1
n|13215.0,PI 16:0_22:6
n|13230.0,SM 15:0;O2/16:1
n|13253.0,FA 20:0
n|1326.0,ACer 42:6;O5
n|13261.0,FA 22:1
n|133.0,LPS 20:0
n|13304.0,PI 16:0_20:4
n|13328.0,PI 14:0_18:1
n|13350.0,Hex2Cer 32:1;O2
n|13357.0,PI 18:1_20:4
n|13373.0,PI 18:0_22:3
n|1341.0,PA 42:4
n|13444.0,PI 16:0_18:2
n|13496.0,ST 30:0;O2;GlcA
n|13497.0,PI 20:1_16:2
n|135.0,PG 26:0;O
n|13506.0,SM 14:0;O2/18:1
n|13642.0,PC 14:0_16:1
n|13860.0,PI-Cer 37:2;O2
n|13881.0,PI 18:2_19:2
n|13886.0,PC 14:0_18:2
n|13946.0,Hex2Cer 28:0;O6
n|13989.0,PI 18:0_22:6
n|14139.0,SM 14:0;O2/18:0
n|14182.0,SM 15:0;O2/18:1
n|14274.0,PS 18:0_20:3
n|14288.0,PS 19:0_18:2
n|14393.0,PI 16:0_18:1
n|14493.0,SM 34:1;O3
n|14505.0,PI 18:0_22:5
n|14515.0,FA 24:1
n|14521.0,Hex2Cer 34:1;O2
n|14541.0,PI 20:0_16:2
n|14552.0,PS 19:0_18:2
n|14721.0,PC 15:0_18:2
n|14951.0,PI 20:0_16:2
n|14967.0,SM 16:0;O2/18:1
n|14987.0,PS 21:0_22:6
n|15007.0,PS 20:0_18:2
n|15023.0,PS 37:0;O
n|15035.0,PA 21:1_22:6
n|15092.0,PC 14:0_16:0
n|15179.0,PMeOH 20:3_24:4
n|15188.0,SM 16:0;O2/18:1
n|15407.0,PS 18:1_21:2
n|15592.0,PS 17:0_18:0
n|15646.0,PI 18:0_20:3
n|15656.0,PS 21:0_20:4
n|15764.0,PS 42:5
n|15770.0,SM 31:1;O2
n|15773.0,SM 20:0;O2/16:2
n|15821.0,PS O-41:6
n|1588.0,PA O-42:4
n|16306.0,PE O-18:0_20:3;O3
n|16525.0,PE 18:1_20:4
n|16559.0,PS 39:2
n|16743.0,PC O-16:0_22:6
n|16778.0,PC 18:0_20:5
n|16852.0,SM 16:0;O2/18:0
n|16892.0,PC O-18:1_22:6
n|16908.0,PE 16:0_18:2
n|16933.0,PC O-20:3_16:2
n|16974.0,PE O-18:2_22:6
n|16993.0,PC 16:0_20:3
n|17173.0,PE 20:1_16:2
n|17191.0,SM 17:0;O2/18:1
n|17226.0,PC 15:0_18:1
n|1723.0,PE 43:4
n|17257.0,PS 23:0_18:3
n|17296.0,PS 20:0_18:1
n|17335.0,PI 20:0_16:1
n|17354.0,PE O-16:1_20:4
n|17407.0,PC O-16:0_20:4
n|17458.0,PE O-18:0_20:3;O2
n|17487.0,PC O-18:1_20:4
n|17605.0,LPE 38:6
n|17644.0,PS 18:0_20:1
n|17681.0,PS 23:0_18:3
n|1790.0,Cer 37:0;O5
n|17901.0,Cer 16:0;O2/18:1;O
n|17914.0,PE O-16:0_20:4
n|17925.0,PC O-16:0_18:2
n|17949.0,PE 18:0_22:6
n|17988.0,PE O-16:1_18:2
n|18013.0,PC O-16:0_20:3
n|18032.0,PC 14:0_18:0
n|18231.0,SM 20:0;O2/16:1
n|18472.0,PS 21:0_18:1
n|18515.0,PC 18:0_22:5
n|1852.0,PA O-44:4
n|18567.0,SM 18:0;O2/20:2
n|18622.0,SM 18:1;O2/22:2
n|18636.0,PC O-18:1_20:3
n|18650.0,PE 18:0_20:4
n|19121.0,PE 18:0_16:1
n|19136.0,Hex2Cer 32:0;O6
n|19138.0,SM 18:2;O2/24:2
n|19150.0,Cer 16:1;O2/18:5
n|19173.0,PE 20:0_16:2
n|19198.0,PE O-18:1_22:6
n|19224.0,PS 17:0_21:0
n|19243.0,PC O-18:0_22:6
n|19254.0,PC 18:0_22:5
n|19278.0,PC O-14:0_18:1
n|19302.0,PE 20:0_16:2
n|19360.0,PC O-18:1_20:4
n|19377.0,PC 18:0_20:3
n|1948.0,Cer 42:5;O3
n|19495.0,PC O-16:1_18:1
n|19516.0,Hex2Cer 34:1;O6
n|19519.0,SM 18:1;O2/21:1
n|19526.0,PS 18:0_20:0
n|19559.0,SM 18:0;O2/19:1
n|19576.0,PC 19:0_20:4
n|19584.0,PE O-18:0_22:6
n|19592.0,PC O-14:0_18:0
n|19623.0,PC O-16:1_20:2
n|19630.0,PC O-18:1_16:0
n|19663.0,SM 18:1;O2/21:1
n|19678.0,PE 18:0_20:3
n|19693.0,PE O-18:1_20:4
n|19764.0,PC O-18:0_22:5
n|19783.0,PC O-20:3_16:0
n|19798.0,PE O-16:1_18:1
n|19819.0,PE O-18:1_22:5
n|19833.0,PC O-16:0_20:2
n|19852.0,PC 18:0_22:4
n|19873.0,PC 19:0_18:2
n|19884.0,PC 18:0_20:3
n|19912.0,PC O-18:2_24:4
n|19921.0,PE O-20:3_16:0
n|19937.0,Hex2Cer 42:3;O2
n|19956.0,Cer 16:0;O2/20:1;O
n|19967.0,PE O-18:0_20:4
n|20015.0,LPE 36:3
n|20058.0,PC 16:0_18:0
n|20083.0,DG 37:3;O2
n|20085.0,SM 18:0;O2/22:2
n|20120.0,SM 18:0;O2/20:1
n|20188.0,DG 37:3;O2
n|20191.0,PS 18:0_21:0
n|20279.0,PC 18:1_20:1
n|20294.0,HexCer 18:0;O2/20:1
n|20303.0,SM 18:1;O2/24:2
n|2032.0,Cer 43:3;O4
n|20386.0,SM 18:0;O2/22:2
n|20456.0,PE O-18:1_20:3
n|20465.0,PC 18:0_20:2
n|20498.0,HexCer 18:1;O2/24:2
n|20507.0,HexCer 18:0;O2/22:2
n|20520.0,PE 20:0_16:1
n|20548.0,SM 16:0;O2/18:0
n|20563.0,Cer 20:0;O2/16:0;O
n|20571.0,PC O-18:3_26:4
n|20594.0,DG O-33:0;O2
n|20600.0,SM 18:0;O2/21:1
n|20606.0,PE O-18:3_24:4
n|20631.0,PC O-18:0_22:4
n|20648.0,PE O-18:1_22:4
n|20655.0,SM 18:0;O2/20:0
n|20663.0,SM 42:1;O3
n|20674.0,PC O-18:2_24:4
n|20680.0,Hex3Cer 42:2;O2
n|20685.0,SM 18:2;O2/25:1
n|20690.0,PC O-16:1_20:1
n|20711.0,SM 18:1;O2/23:1
n|20739.0,HexCer 18:0;O2/24:1;O
n|20747.0,SM 18:0;O2/21:1
n|2076.0,DG O-44:5
n|20792.0,HexCer 18:0;O2/21:1
n|20799.0,HexCer 23:0;O2/18:2
n|20802.0,PC O-18:0_16:0
n|20811.0,SM 18:2;O2/25:1
n|20826.0,PC O-18:1_24:4
n|20855.0,SM 18:1;O2/23:1
n|2087.0,DG O-42:4
n|20900.0,PC O-18:0_22:4
n|20910.0,Hex2Cer 42:2;O2
n|20917.0,PE O-18:0_22:5
n|20927.0,PE O-16:0_20:2
n|2094.0,Cer 43:5;O
n|20944.0,DG 35:1;O2
n|20948.0,Hex2Cer 40:1;O2
n|20952.0,PC O-18:2_26:4
n|20965.0,DG 37:2;O2
n|20974.0,HexCer 18:0;O2/24:2;O
n|20982.0,MG O-32:6
n|20990.0,SM 18:0;O2/24:2
n|21026.0,DG 37:2;O2
n|21032.0,Cer 16:1;O2/24:1;O
n|21045.0,PE O-18:0_20:3
n|21052.0,Cer 16:1;O2/22:0;O
n|21076.0,PC 18:0_20:1
n|21091.0,PC 15:0_21:0
n|21111.0,SM 18:0;O2/24:2
n|212.0,ST 30:4;O5
n|21235.0,PI O-47:9
n|21241.0,SM 18:0;O2/22:1
n|21320.0,Cer 18:2;O2/24:1;O
n|21339.0,HexCer 18:0;O2/24:2
n|21359.0,Cer 18:2;O2/22:0;O
n|21375.0,PI O-45:8
n|21377.0,HexCer 18:1;O2/22:0
n|21399.0,PE-Cer 18:0;O2/24:2
n|21404.0,HexCer 18:1;O2/22:0
n|21413.0,SM 18:1;O2/26:2
n|21493.0,PI O-47:9
n|21508.0,HexCer 18:0;O2/24:2
n|21518.0,SM 18:1;O2/25:1
n|21541.0,Cer 18:0;O2/20:0;O
n|21559.0,SM 18:0;O2/23:1
n|21572.0,Cer 18:0;O3/24:1
n|21597.0,SM 18:0;O2/24:1
n|21610.0,Cer 18:0;O3/22:0
n|21624.0,Cer 17:1;O2/24:1;O
n|21655.0,DG O-35:0;O2
n|21659.0,SM 18:0;O2/22:0
n|21670.0,SM 42:0;O3
n|21678.0,Cer 17:1;O2/22:0;O
n|21693.0,SM 18:1;O2/25:1
n|21703.0,Cer 18:1;O2/24:1
n|21711.0,SM 18:0;O2/23:1
n|21782.0,PI O-46:8
n|21796.0,HexCer 18:0;O2/24:0;O
n|21802.0,Cer 18:2;O2/23:0;O
n|21825.0,HexCer 18:1;O2/23:0
n|21844.0,PC O-18:1_26:4
n|21870.0,Hex2Cer 40:2;O5
n|21877.0,PC O-22:4_24:2
n|21888.0,PC O-18:0_24:4
n|21906.0,SM 18:1;O2/25:1
n|21916.0,PE O-18:1_24:4
n|21924.0,PE O-18:0_20:2
n|21932.0,SM 18:0;O2/25:1
n|21937.0,Hex2Cer 42:1;O2
n|21942.0,Cer 18:0;O3/24:0;O
n|21959.0,HexCer 18:0;O2/24:1;O
n|21971.0,PC O-18:1_24:2
n|21980.0,SM 18:0;O2/24:1
n|2199.0,DG O-43:4
n|22021.0,Cer 18:1;O2/24:1;O
n|22064.0,SM 18:0;O2/26:2
n|22074.0,Cer 18:1;O2/22:0;O
n|22125.0,SM 18:0;O2/24:1
n|22246.0,PI O-47:8
n|22255.0,HexCer 18:1;O2/24:0
n|22289.0,PE 52:5
n|223.0,PE 24:1;O
n|22302.0,PE 34:2_20:4
n|22307.0,PE-Cer 18:0;O2/24:1
n|22314.0,PC 24:0_18:2
n|22321.0,Cer 19:1;O2/24:1;O
n|22338.0,SM 18:0;O2/25:1
n|22354.0,Cer 18:0;O2/24:1;O
n|22363.0,Cer 18:0;O2/22:0;O
n|22376.0,Cer 18:0;O3/24:0
n|22402.0,SM 18:0;O2/24:0
n|22420.0,PC O-18:0_26:4
n|22431.0,PC O-18:0_24:2
n|22441.0,Cer 18:0;O3/24:1
n|22468.0,Cer 18:1;O2/24:0;O
n|22486.0,PE 34:1_20:4
n|22492.0,Cer 18:0;O2/23:0;O
n|22510.0,Cer 18:0;O2/26:2;O
n|22515.0,Cer 18:1;O2/24:0;O
n|2256.0,CerP 52:5;O2
n|22602.0,Cer 25:0;O3/18:
n|22616.0,Cer 19:1;O2/24:0;O
n|22640.0,Cer 18:0;O2/24:0;O
n|22670.0,PE 36:1_20:4
n|22698.0,Cer 18:1;O2/26:0;O
n|22707.0,PA O-44:3
n|22756.0,Cer 20:2;O3/40:2
n|22765.0,DG O-62:8
n|22807.0,PE O-18:4_2:0
n|22828.0,FA 18:1
n|22890.0,PS 39:3
n|2293.0,Cer 47:6;O3
n|23004.0,Hex2Cer 34:3;O6
n|23007.0,PS 19:0_18:1
n|23049.0,Hex2Cer 36:4;O6
n|23066.0,PC O-16:0_22:4
n|23079.0,SM 20:0;O2/16:0
n|23091.0,PC 18:1_19:1
n|23102.0,PC O-18:0_20:4
n|23133.0,PC O-16:0_20:2
n|23151.0,PE O-18:1_22:5
n|23155.0,PC O-18:0_20:3
n|23163.0,DG 35:1;O2
n|23184.0,PA O-54:9
n|23205.0,Cer 18:1;O2/23:0;O
n|23247.0,PE 36:2_20:4
n|2335.0,DG O-44:4
n|23359.0,PS O-26:4_26:7
n|23369.0,PE O-14:1_4:0
n|23439.0,PC 14:0_16:0
n|23456.0,AcylGlcADG 22:4_22:6_20:5
n|2346.0,Cer 45:5;O3
n|235.0,LPA O-26:5
n|23529.0,PS 18:0_22:4
n|23543.0,Cer 38:4;O3
n|23545.0,PE O-20:3_16:1
n|23555.0,PC O-16:0_20:3
n|23583.0,PC 16:0_17:0
n|23593.0,PE 18:0_22:5
n|23608.0,PG O-41:1
n|23617.0,SM 18:0;O2/21:0
n|23641.0,PG O-18:0_25:0
n|23725.0,LPC O-16:1
n|23769.0,SHexCer 30:0;O5
n|23805.0,SM 15:0;O2/18:2
n|23838.0,SM 17:0;O2/18:2
n|23850.0,PC 15:0_16:0
n|23862.0,PC O-18:2_20:4
n|23876.0,PC O-14:0_16:0
n|23880.0,PE O-18:1_20:4
n|23895.0,SM 18:0;O2/19:1
n|23925.0,HexCer 23:0;O2/18:2
n|23951.0,Cer 18:2;O2/24:0;O
n|23975.0,CerP 52:4;O2
n|24047.0,FA 18:3;O3
n|242.0,LPA O-26:4
n|24227.0,PC 17:0_22:5
n|24232.0,PC 20:0_18:2
n|2430.0,Cer 47:5;O3
n|24395.0,PG O-42:0
n|24409.0,Cer 18:0;O2/21:0;O
n|24411.0,Cer 18:0;O3/23:0
n|24506.0,FA 18:3
n|24581.0,PI 20:1_16:2
n|24590.0,PS 21:0_22:6
n|24606.0,PC 17:0_20:3
n|24657.0,Cer 18:2;O2/25:1;O
n|24666.0,Cer 41:1;O3
n|24667.0,HBMP 18:0_18:0_14:0
n|24685.0,LPC O-18:0
n|24739.0,PC 17:0_20:3
n|24765.0,PE O-18:1_20:3
n|24789.0,Cer 19:0;O2/24:2;O
n|24816.0,LPC 15:0
n|24829.0,NAT 20:3;O3
n|24857.0,PC O-14:0_18:1
n|24861.0,Cer 40:4;O3
n|24875.0,SM 18:0;O2/26:1
n|24911.0,LPC O-24:0
n|24926.0,HexCer 18:0;O2/22:0;O
n|24989.0,PE O-18:1_16:0
n|24995.0,PA O-39:4
n|24999.0,PC O-18:0_22:5
n|25004.0,PG O-18:0_23:0
n|25015.0,PC O-18:2_26:4
n|25028.0,Cer 46:4;O3
n|25126.0,SM 40:0;O3
n|25129.0,SM 18:0;O2/23:1
n|25172.0,PI 2:0_14:1
n|25185.0,Hex2Cer 32:1;O6
n|25209.0,CerP 42:0;O6
n|25214.0,LPC 22:5
n|25229.0,PI 18:0_20:5
n|25235.0,PS 21:0_20:5
n|25248.0,PS 18:0_22:4
n|25253.0,PS O-39:5
n|25274.0,PE 16:0_22:5
n|25292.0,PE O-18:1_20:5
n|25299.0,PC O-18:1_22:6
n|25330.0,Hex3Cer 42:1;O2
n|25352.0,PE O-8:0_4:0
n|25373.0,PC 18:1_24:4
n|25379.0,PC 18:0_22:3
n|25499.0,PG O-43:2
n|25509.0,PA O-52:8
n|25519.0,Cer 18:1;O2/25:0;O
n|25626.0,SM 18:0;O2/23:0
n|25659.0,PE O-16:0_22:6
n|25669.0,PS 40:0
n|25681.0,Cer 43:2;O3
n|25682.0,Cer 42:1;O3
n|25735.0,PC O-18:1_22:5
n|25769.0,PC 16:0_17:1
n|25922.0,MIPC 36:4;O2
n|25948.0,MGDG 18:0_21:0
n|25972.0,PE O-18:0_22:5
n|25977.0,PA O-52:7
n|25981.0,PA O-52:6
n|26007.0,LPG 20:3
n|26022.0,PG O-43:1
n|26185.0,Cer 46:5;O3
n|26268.0,PI-Cer 28:0;O4
n|26308.0,PA O-54:8
n|26451.0,PC O-18:3_19:2
n|26460.0,Cer 41:5;O
n|26506.0,FA 20:5
n|26644.0,PC O-16:0_20:1
n|26789.0,PG 44:8
n|26806.0,CerP 44:0;O6
n|26857.0,HexCer 42:5;O4
n|26860.0,PC O-22:3_24:2
n|26957.0,Cer 20:1;O3/38:2
n|26973.0,PC O-18:0_22:5;O;[cy]
n|27101.0,PC O-22:3_24:2
n|27143.0,PI 35:0
n|27517.0,Cer 46:6;O3
n|27579.0,SM 18:2;O2/23:1
n|27598.0,ST 22:1;O6
n|27622.0,FA 15:0
n|27663.0,SM 18:0;O2/25:1
n|27927.0,FA 24:0
n|27984.0,PE-Cer 50:6;O2
n|28325.0,PI 16:0_19:0
n|28356.0,PG 44:9
n|28358.0,PG O-42:1
n|28374.0,PC O-18:0_20:3;O;[cy]
n|28377.0,PG 52:1;O
n|2895.0,Cer 46:6;O3
n|291.0,LPA O-21:3
n|380.0,ST 26:1;O7
n|394.0,ST 21:6;O5
n|396.0,LPE 12:0
n|409.0,ST 21:1;O6
n|496.0,LPS 21:0
n|649.0,MGDG 32:2
n|69.0,LPA 28:7
n|845.0,PG dO-40:0
n|937.0,CerP 44:5;O2
n|9871.0,ST 21:1;O7
n|9891.0,LPC 20:5
n|9958.0,LPA O-13:0
n|9979.0,LPC 18:3
n|9991.0,LPC 14:0
